{
    "__version": "2.13.0",
    "__comments": "Sample template to migrate a Windows installation of vCenter Server 6.5 with an embedded Platform Services Controller to a vCenter Server Appliance 6.7 with an embedded Platform Services Controller on an ESXi host.",
    "new_vcsa": {
        "esxi": {
            "hostname": "<FQDN or IP address of the ESXi host on which to deploy the new appliance>",
            "username": "root",
            "password": "<Password of the ESXi host root user. If left blank, or omitted, you will be prompted to enter it at the command console during template verification.>",
            "deployment_network": "VM Network",
            "datastore": "<A specific ESXi host datastore, or a specific datastore in a datastore cluster.>"
        },
        "appliance": {
            "__comments": [
                "You must provide the 'deployment_option' key with a value, which will affect the VCSA's configuration parameters, such as the VCSA's number of vCPUs, the memory size, the storage size, and the maximum numbers of ESXi hosts and VMs which can be managed. For a list of acceptable values, run the supported deployment sizes help, i.e. vcsa-deploy --supported-deployment-sizes"
            ],
            "thin_disk_mode": true,
            "deployment_option": "small",
            "name": "Embedded-vCenter-Server-Appliance"
        },
        "os": {
            "password": "<Appliance root password; refer to --template-help for password policy. If left blank, or omitted, you will be prompted to enter it at the command console during template verification.>",
            "ssh_enable": false
        },
        "temporary_network": {
            "ip_family": "<ipv4 or ipv6>",
            "mode": "static",
            "ip": "<Static IP address. Remove this if using dhcp.>",
            "dns_servers": [
                "<DNS Server IP Address. Remove this if using dhcp.>"
            ],
            "prefix": "<Network prefix length. Use only when the mode is 'static'. Remove if the mode is 'dhcp'. This is the number of bits set in the subnet mask; for instance, if the subnet mask is 255.255.255.0, there are 24 bits in the binary version of the subnet mask, so the prefix length is 24. If used, the values must be in the inclusive range of 0 to 32 for IPv4 and 0 to 128 for IPv6.>",
            "gateway": "<Gateway IP address. Remove this if using dhcp.>"
        },
        "user_options": {
            "vcdb_migrateSet": "<Set data migration option. Available options are 'core', 'all', 'core_events_tasks', 'transfer_events_tasks_after_upgrade' and 'transfer_stats_events_tasks_after_upgrade'.>"
        }
    },
    "source_vc": {
        "description": {
            "__comments": [
                "This section describes the source Windows vCenter that you want to migrate.",
                "For vCenter running on a virtual machine, you can automate the installation and launching of",
                "the Migration Assistant by including the 'run_migration_assistant' section.",
                "For vCenter running on a physical machine, or if you are running Migration Assistant manually",
                "on the Windows vCenter, copy and paste the thumbprint value from the Migration Assistant",
                "console output on the source vCenter to the 'migration_ssl_thumbprint' key in the 'vc_win'",
                "section, and remove the 'run_migration_assistant' section. You can read more about",
                "'migration_ssl_thumbprint' in template help, i.e. vcsa-deploy migrate --template-help"
            ]
        },
        "vc_win": {
            "hostname": "<FQDN or IP address of the source vCenter Server instance>",
            "username": "administrator@<SSO domain name>",
            "password": "<vCenter Single Sign-On administrator password. If left blank, or omitted, you will be prompted to enter it at the command console during template verification.>",
            "active_directory_domain": "<The name of the Active Directory domain to which the source Windows installation is joined. Remove this if your Windows is not in a domain.>",
            "active_directory_username": "<Administrator user name of the Active Directory domain to which the source Windows installation is joined. Remove this if your Windows is not in a domain.>",
            "active_directory_password": "<Administrator password of the Active Directory domain to which the source Windows installation is joined. Remove this if your Windows is not in a domain. If left blank, or omitted, you will be prompted to enter it at the command console during template verification.>"
        },
        "run_migration_assistant": {
            "__comments": [
                "Remove this section and provide the value for 'migration_ssl_thumbprint'",
                "in the 'vc_win' section if the Windows vCenter/PSC is running on a physical machine, or if you want to run Migration Assistant manually. Read more about the other 'run_migraton_assistant' template keys, or about 'migration_ssl_thumbprint' in template help, i.e. vcsa-deploy migrate --template-help"
            ],
            "esxi_hostname": "<FQDN or IP address of ESXi on which source vCenter Server Appliance resides.>",
            "esxi_username": "<Username of a user with administrative privileges on the ESXi host.>",
            "esxi_password": "<The password of the ESXi host user. If left blank, or omitted, you will be prompted to enter it at the command console during template verification.>",
            "esxi_port": "<The port number of the ESXi host. The default value is 443.>",
            "os_username": "<Administrator username for the source Windows operating system, e.g. 'administrator@example.com' or 'DOMAIN_NAME\\Administrator'>",
            "os_password": "<Administrator user password for the source Windows operating system. If left blank, or omitted, you will be prompted to enter it at the command console during template verification.>",
            "migration_port": "<Migration Assistant port number. The default value is 9123, e.g. \"migration_port\": 9123>",
            "sa_password": "<vCenter Server service account user password. This option is only required if the vCenter Server service is running under a non LocalSystem account. If left blank, or omitted, you will be prompted to enter it at the command console during template verification.>"
        }
    },
    "ceip": {
        "description": {
            "__comments": [
                "++++VMware Customer Experience Improvement Program (CEIP)++++",
                "VMware's Customer Experience Improvement Program (CEIP) ",
                "provides VMware with information that enables VMware to ",
                "improve its products and services, to fix problems, ",
                "and to advise you on how best to deploy and use our ",
                "products. As part of CEIP, VMware collects technical ",
                "information about your organization's use of VMware ",
                "products and services on a regular basis in association ",
                "with your organization's VMware license key(s). This ",
                "information does not personally identify any individual. ",
                "",
                "Additional information regarding the data collected ",
                "through CEIP and the purposes for which it is used by ",
                "VMware is set forth in the Trust & Assurance Center at ",
                "http://www.vmware.com/trustvmware/ceip.html . If you ",
                "prefer not to participate in VMware's CEIP for this ",
                "product, you should disable CEIP by setting ",
                "'ceip_enabled': false. You may join or leave VMware's ",
                "CEIP for this product at any time. Please confirm your ",
                "acknowledgement by passing in the parameter ",
                "--acknowledge-ceip in the command line.",
                "++++++++++++++++++++++++++++++++++++++++++++++++++++++++++++++"
            ]
        },
        "settings": {
            "ceip_enabled": true
        }
    }
}