{
    "__version": "2.13.0",
    "__comments": "Sample template to upgrade a Platform Services Controller 6.5 appliance to a Platform Services Controller 6.7 appliance.",
    "new_vcsa": {
        "esxi": {
            "hostname": "<FQDN or IP address of the ESXi host on which to deploy the new appliance>",
            "username": "root",
            "password": "<Password of the ESXi host root user. If left blank, or omitted, you will be prompted to enter it at the command console during template verification.>",
            "deployment_network": "VM Network",
            "datastore": "<A specific ESXi host datastore, or a specific datastore in a datastore cluster.>"
        },
        "appliance": {
            "__comments": [
                "You must provide the 'deployment_option' key with a value, which will affect the VCSA's configuration parameters, such as the VCSA's number of vCPUs, the memory size, the storage size, and the maximum numbers of ESXi hosts and VMs which can be managed. For a list of acceptable values, run the supported deployment sizes help, i.e. vcsa-deploy --supported-deployment-sizes"
            ],
            "thin_disk_mode": true,
            "deployment_option": "infrastructure",
            "name": "Platform-Services-Controller"
        },
        "os": {
            "ssh_enable": false
        },
        "temporary_network": {
            "ip_family": "<ipv4 or ipv6>",
            "mode": "static",
            "ip": "<Static IP address. Remove this if using dhcp.>",
            "dns_servers": [
                "<DNS Server IP Address. Remove this if using dhcp.>"
            ],
            "prefix": "<Network prefix length. Use only when the mode is 'static'. Remove if the mode is 'dhcp'. This is the number of bits set in the subnet mask; for instance, if the subnet mask is 255.255.255.0, there are 24 bits in the binary version of the subnet mask, so the prefix length is 24. If used, the values must be in the inclusive range of 0 to 32 for IPv4 and 0 to 128 for IPv6.>",
            "gateway": "<Gateway IP address. Remove this if using dhcp.>"
        }
    },
    "source_vc": {
        "description": {
            "__comments": [
                "This section describes the source appliance which you want to",
                "upgrade and the ESXi host on which the appliance is running. "
            ]
        },
        "managing_esxi_or_vc": {
            "hostname": "<FQDN or IP address of the ESXi or vCenter on which the source vCenter Single Sign-On server resides>",
            "username": "<Username of a user with administrative privilege on the ESXi host or vCenter Server. For example 'root' for ESXi and 'administrator@<SSO domain name>' for vCenter >",
            "password": "<Password of the administrative user on the ESXi host or vCenter Server. If left blank, or omitted, you will be prompted to enter it at the command console during template verification.>"
        },
        "vc_vcsa": {
            "hostname": "<FQDN or IP address of the source Platform Services Controller>",
            "username": "administrator@<SSO domain name>",
            "password": "<vCenter Single Sign-On administrator password. If left blank, or omitted, you will be prompted to enter it at the command console during template verification.>",
            "root_password": "<Appliance root password. If left blank, or omitted, you will be prompted to enter it at the command console during template verification.>"
        }
    },
    "ceip": {
        "description": {
            "__comments": [
                "++++VMware Customer Experience Improvement Program (CEIP)++++",
                "VMware's Customer Experience Improvement Program (CEIP) ",
                "provides VMware with information that enables VMware to ",
                "improve its products and services, to fix problems, ",
                "and to advise you on how best to deploy and use our ",
                "products. As part of CEIP, VMware collects technical ",
                "information about your organization's use of VMware ",
                "products and services on a regular basis in association ",
                "with your organization's VMware license key(s). This ",
                "information does not personally identify any individual. ",
                "",
                "Additional information regarding the data collected ",
                "through CEIP and the purposes for which it is used by ",
                "VMware is set forth in the Trust & Assurance Center at ",
                "http://www.vmware.com/trustvmware/ceip.html . If you ",
                "prefer not to participate in VMware's CEIP for this ",
                "product, you should disable CEIP by setting ",
                "'ceip_enabled': false. You may join or leave VMware's ",
                "CEIP for this product at any time. Please confirm your ",
                "acknowledgement by passing in the parameter ",
                "--acknowledge-ceip in the command line.",
                "++++++++++++++++++++++++++++++++++++++++++++++++++++++++++++++"
            ]
        },
        "settings": {
            "ceip_enabled": true
        }
    }
}